Date,Title,Company,Location,Link
2026-02-13 01:25,"Web Developer (Python Developer, Nodejs, React js, Angular, Laravel)",Parkhya Solutions Pvt Ltd,India,No link
2026-02-13 01:25,Mobile Web Developer,Saasguru,"Secunderabad, Telangana, India (+1 other)",No link
2026-02-13 01:25,Web Developer,Accenture,"Nagpur, Maharashtra, India",No link
2026-02-13 01:25,Full-Stack Web Developer & DevOps Engineering - Internship,"Phoenix Labs Global, Inc. (Seattle, United States)",Anywhere,No link
2026-02-13 01:25,C# Web Developer,Santronix,"Jalgaon, Maharashtra, India",No link
2026-02-13 01:25,Web Application Developer,YOZORA TECHNOLOGIES PRIVATE LIMITED,"Telangana, India",No link
2026-02-13 01:25,Junior Web Developer,ignatiuz,"Indore, Madhya Pradesh, India",No link
2026-02-13 01:25,Web Developer & Coder (Full Stack),CanadianSME Small Business Magazine,"Mohali, Maharashtra, India",No link
2026-02-13 01:25,Web Developer,Satyarthi Movement for Global Compassion,"Amravati, Maharashtra, India (+1 other)",No link
2026-02-13 01:25,React JS Web Developer,Zgrow Solutions Private Limited,India,No link
2026-02-13 01:25,"Web Developer (Python Developer, Nodejs, React js, Angular, Laravel)",Parkhya Solutions Pvt Ltd,India,No link
2026-02-13 01:25,Mobile Web Developer,Saasguru,"Secunderabad, Telangana, India (+1 other)",No link
2026-02-13 01:25,Web Developer,Accenture,"Nagpur, Maharashtra, India",No link
2026-02-13 01:25,Full-Stack Web Developer & DevOps Engineering - Internship,"Phoenix Labs Global, Inc. (Seattle, United States)",Anywhere,No link
2026-02-13 01:25,C# Web Developer,Santronix,"Jalgaon, Maharashtra, India",No link
2026-02-13 01:25,Web Application Developer,YOZORA TECHNOLOGIES PRIVATE LIMITED,"Telangana, India",No link
2026-02-13 01:25,Junior Web Developer,ignatiuz,"Indore, Madhya Pradesh, India",No link
2026-02-13 01:25,Web Developer & Coder (Full Stack),CanadianSME Small Business Magazine,"Mohali, Maharashtra, India",No link
2026-02-13 01:25,Web Developer,Satyarthi Movement for Global Compassion,"Amravati, Maharashtra, India (+1 other)",No link
2026-02-13 01:25,React JS Web Developer,Zgrow Solutions Private Limited,India,No link
